﻿Comment,Designator,Footprint,JLCPCB Part #
"2450AT42A0100001E","AE1","",""
"0603B104K500NT","C1, C4, C5, C6, C7","",""
"Non-Polarized Capacitor F SMD_0603_1608Metric","C8","",""
"GJM1555C1H120FB01D","C10, C2","",""
"CC0603KRX7R9BB104","C11, C3","",""
"VJ0603Y103KXJAC31X","C12","",""
"GRM155R61A475MEAAD","C13, C14, C9","C_0402_1005Metric",""
"Connector","J1, J3, J4, J5, J6","",""
"Inductor H SMD_0603_1608Metric","L1","",""
"CRCW04024K70FKEDC","R1, R2, R3, R4, R5","",""
"NRF52832-QFAA-R","U1","",""
"ECS-320-CDX-2374","U2","",""
"MAX30102EFD+T","U3","",""
"ADXL345BCCZ-RL","U4","",""
"MIC5319-3.3YML-TR","U5","DFN-6_L2.0-W2.0-P0.50-BL-EP",""
"LP2985-18DBVR","U6","",""
