﻿Component Description,QTY,Ref Des,Mfg P/N #,Manufacturer,Distributor P/N #
"Antenna","1","AE1","2450AT42A0100001E","Johanson Technology Inc.",""
"Non-Polarized Capacitor, 100nF, SMD_0603_1608Metric","5","C1,C4,C5,C6,C7","0603B104K500NT","FH (Guangdong Fenghua Advanced Tech)",""
"Non-Polarized Capacitor, F, SMD_0603_1608Metric","1","C8","","",""
"Non-Polarized Capacitor, 12pF, SMD_0402_1005Metric","2","C10,C2","GJM1555C1H120FB01D","Murata Electronics",""
"Non-Polarized Capacitor, 0.1uF","2","C11,C3","CC0603KRX7R9BB104"," YAGEO",""
"Non-Polarized Capacitor, 10nF, SMD_0603_1608Metric","1","C12","VJ0603Y103KXJAC31X","Vishay / Vitramon",""
"Non-Polarized Capacitor, 4.7µF, C_0402_1005Metric","3","C13,C14,C9","GRM155R61A475MEAAD","Murata",""
"Connector","5","J1,J3,J4,J5,J6","","",""
"Inductor, H, SMD_0603_1608Metric","1","L1","","",""
"Resistor, 4.7kΩ, SMD_0402_1005Metric","5","R1,R2,R3,R4,R5","CRCW04024K70FKEDC","Vishay",""
"Microcontroller","1","U1","NRF52832-QFAA-R","Nordic Semiconductor ASA",""
"Crystal","1","U2","ECS-320-CDX-2374","ECS Inc. International",""
"Integrated Circuit","1","U3","MAX30102EFD+T","Maxim Integrated",""
"Sensor","1","U4","ADXL345BCCZ-RL","Analog Devices Inc.",""
"Linear Voltage Regulators (LDO), DFN-6_L2.0-W2.0-P0.50-BL-EP","1","U5","MIC5319-3.3YML-TR","MICROCHIP(美国微芯)",""
"Integrated Circuit","1","U6","LP2985-18DBVR","Texas Instruments",""
