﻿*Reference,*Manufacturer Part number,*QTY,*Original,Description,Purchase Link
"AE1","2450AT42A0100001E","1","","2.4GHz Chip RF Antenna 2.4GHz ~ 2.5GHz 0dBi Solder Surface Mount #commonpartslibrary
#antenna",""
"C1, C4, C5, C6, C7","0603B104K500NT","5","","50V 100nF X7R ±10% 0603 Multilayer Ceramic Capacitors MLCC - SMD/SMT ROHS
 #commonpartslibrary
#ceramic
#capacitor",""
"C8","","1","","A generic fixed capacitor for rapid developing circuit topology. 

Save precious design time by seamlessly add more information to this part (value, footprint, etc.) as it becomes available.

Standard capacitor values: 1.0pF 10pF 100pF 1000pF 0.01uF 0.1uF  1.0uF 10uF 100uF 1000uF 10,000uF 1.1pF 11pF 110pF 1100pF 1.2pF 12pF 120pF 1200pF 1.3pF 13pF 130pF 1300pF 1.5pF 15pF 150pF 1500pF 0.015uF 0.15uF 1.5uF 15uF 150uF 1500uF 1.6pF 16pF 160pF 1600pF 1.8pF 18pF 180pF 1800pF 2.0pF 20pF 200pF 2000pF 2.2pF 22pF 20pF 2200pF 0.022uF 0.22uF 2.2uF 22uF 220uF 2200uF 2.4pF 24pF 240pF 2400pF 2.7pF 27pF 270pF 2700pF 3.0pF 30pF 300pF 3000pF 3.3pF 33pF 330pF 3300pF 0.033uF 0.33uF 3.3uF 33uF 330uF 3300uF 3.6pF 36pF 360pF 3600pF 3.9pF 39pF 390pF 3900pF 4.3pF 43pF 430pF 4300pF 4.7pF 47pF 470pF 4700pF 0.047uF 0.47uF 4.7uF 47uF 470uF 4700uF 5.1pF 51pF 510pF 5100pF 5.6pF 56pF 560pF 5600pF 6.2pF 62pF 620pF 6200pF 6.8pF 68pF 680pF 6800pF 0.068uF 0.68uF 6.8uF 68uF 680uF 6800uF 7.5pF 75pF 750pF 7500pF 8.2pF 82pF 820pF 8200pF 9.1pF 91pF 910pF 9100pF #generics #CommonPartsLibrary",""
"C10, C2","GJM1555C1H120FB01D","2","","12pF 0402 (1005 metric) fixed ceramic SMD capacitor #CommonPartsLibrary #Capacitor #GJM1555C1H",""
"C11, C3","CC0603KRX7R9BB104","2","","0.1 µF ±10% 50V Ceramic Capacitor X7R 0603 (1608 Metric) #CommonPartsLibrary #Capacitor #SMD",""
"C12","VJ0603Y103KXJAC31X","1","","Multilayer Ceramic Capacitors MLCC - SMD/SMT 0603 10nF 16volts X7R 10%
 #commonpartslibrary
#ceramic
#capacitor",""
"C13, C14, C9","GRM155R61A475MEAAD","3","","0402 10V 4.7uF ±20% X5R","https://octopart.com/grm155r61a475meaad-murata-75166617?r=sp"
"J1, J3, J4, J5, J6","","5","","Through Hole straight pin header, 01x01, 2.54mm pitch, single row #connector #pinheader #tht",""
"L1","","1","","A generic fixed inductor for rapid developing circuit topology. *You can now change the footprint and 3D model at the top level anytime you want. This is the power of #generics",""
"R1, R2, R3, R4, R5","CRCW04024K70FKEDC","5","","4700 ohm 4.7kΩ 0402 (1005 metric) fixed chip SMD Resistor. #CommonPartsLibrary #Resistor #CRCW0402",""
"U1","NRF52832-QFAA-R","1","","	
IC RF TXRX+MCU BLE 48QFN

64 MHz Cortex-M4 with FPU
512/64 KB Flash
2.4 GHz Transceiver
2 Mbps, 1 Mbps
Bluetooth Low Energy
Bluetooth mesh
+4 dBm TX power
128-bit AES
UART, SPI, TWI, PDM, I2S
PWM
12-bit ADC
NFC-A

#microcontrollers #Nordic #commonpartslibrary",""
"U2","ECS-320-CDX-2374","1","","The ECS-320-CDX-2374 from ECS Inc. International is a high-precision quartz crystal designed for optimal performance in various electronic applications. Operating at a nominal and center frequency of 32.0000000 MHz, this fundamental mode AT-cut crystal is packaged in a compact tape and reel format, making it suitable for automated assembly processes. It features an operating temperature range of -20°C to 70°C and a storage temperature range of -40°C to 105°C. The crystal offers a load capacitance of 8 pF and a drive level ranging from 50 to 200 µW. With a frequency tolerance and stability of ±10 ppm over the operating temperature range and an aging rate of ±2 ppm in the first year, the ECS-320-CDX-2374 ensures reliable and stable frequency performance. The component also boasts an equivalent series resistance (ESR) of 80 ohms, a shunt capacitance of 2 pF, and an insulation resistance of 500 MΩ at DC 100V. Designed to comply with EU RoHS 2015/863 standards, this crystal is marked with laser for easy identification and is rated at MSL 1 for moisture sensitivity. The device's compact dimensions and robust reliability specifications make it an ideal choice for high-performance electronic circuits requiring precise frequency control.",""
"U3","MAX30102EFD+T","1","","Oximeter/Heart Rate Sensor I²C Output #commonpartslibrary #sensor #integratedcircuit",""
"U4","ADXL345BCCZ-RL","1","","Accelerometer X, Y, Z Axis ±2g, 4g, 8g, 16g 0.05Hz ~ 1.6kHz 14-LGA (3x5) #commonpartslibrary
#sensor
#transducer
#accelerometer",""
"U5","MIC5319-3.3YML-TR","1","","Linear Voltage Regulators (LDO)
MIC5319-3.3YML-TR
DFN-6_L2.0-W2.0-P0.50-BL-EP
LCSC Part Number: C144184
JLCPCB Part Class: Extended Part
Manufactured by MICROCHIP(美国微芯) ","https://lcsc.com/product-detail/Low-Dropout-Regulators-LDO_MICROCHIP_MIC5319-3-3YML-TR_MIC5319-3-3YML-TR_C144184.html"
"U6","LP2985-18DBVR","1","","Linear Voltage Regulator IC Positive 1.8V Fixed 1 Output 150mA SOT-23-5 #CommonPartsLibrary #IntegratedCircuit #PowerManagement #LinearRegulator #VoltageRegulator",""
