﻿Item #,Designator,Qty,Manufacturer,Mfg Part #,Description / Value,Package/Footprint,Type,Your Instructions / Notes
"1","AE1","1","Johanson Technology Inc.","2450AT42A0100001E","Antenna","","",""
"2","C1,C4,C5,C6,C7","5","FH (Guangdong Fenghua Advanced Tech)","0603B104K500NT","Non-Polarized Capacitor, 100nF, SMD_0603_1608Metric","","",""
"3","C8","1","","","Non-Polarized Capacitor, F, SMD_0603_1608Metric","","",""
"4","C10,C2","2","Murata Electronics","GJM1555C1H120FB01D","Non-Polarized Capacitor, 12pF, SMD_0402_1005Metric","","",""
"5","C11,C3","2"," YAGEO","CC0603KRX7R9BB104","Non-Polarized Capacitor, 0.1uF","","",""
"6","C12","1","Vishay / Vitramon","VJ0603Y103KXJAC31X","Non-Polarized Capacitor, 10nF, SMD_0603_1608Metric","","",""
"7","C13,C14,C9","3","Murata","GRM155R61A475MEAAD","Non-Polarized Capacitor, 4.7µF, C_0402_1005Metric","C_0402_1005Metric","",""
"8","J1,J3,J4,J5,J6","5","","","Connector","","",""
"9","L1","1","","","Inductor, H, SMD_0603_1608Metric","","",""
"10","R1,R2,R3,R4,R5","5","Vishay","CRCW04024K70FKEDC","Resistor, 4.7kΩ, SMD_0402_1005Metric","","",""
"11","U1","1","Nordic Semiconductor ASA","NRF52832-QFAA-R","Microcontroller","","",""
"12","U2","1","ECS Inc. International","ECS-320-CDX-2374","Crystal","","",""
"13","U3","1","Maxim Integrated","MAX30102EFD+T","Integrated Circuit","","",""
"14","U4","1","Analog Devices Inc.","ADXL345BCCZ-RL","Sensor","","",""
"15","U5","1","MICROCHIP(美国微芯)","MIC5319-3.3YML-TR","Linear Voltage Regulators (LDO), DFN-6_L2.0-W2.0-P0.50-BL-EP","DFN-6_L2.0-W2.0-P0.50-BL-EP","",""
"16","U6","1","Texas Instruments","LP2985-18DBVR","Integrated Circuit","","",""
