﻿Designator,Manufacturer Part Number or Seeed SKU,QTY,Link
"AE1","2450AT42A0100001E","1","https://www.johansontechnology.com/datasheets/2450AT42A100/2450AT42A100.pdf"
"C1,C4,C5,C6,C7","0603B104K500NT","5","https://datasheet.lcsc.com/lcsc/2304140030_FH--Guangdong-Fenghua-Advanced-Tech-0603B104K500NT_C30926.pdf"
"C8","","1",""
"C10,C2","GJM1555C1H120FB01D","2","https://search.murata.co.jp/Ceramy/image/img/A01X/G101/ENG/GJM1555C1H120FB01-01.pdf"
"C11,C3","CC0603KRX7R9BB104","2","https://datasheet.lcsc.com/lcsc/1809301912_YAGEO-CC0603KRX7R9BB104_C14663.pdf"
"C12","VJ0603Y103KXJAC31X","1","https://www.vishay.com/docs/45226/vj31xrohsautomlcc.pdf"
"C13,C14,C9","GRM155R61A475MEAAD","3","https://datasheet.octopart.com/GRM155R61A475MEAAD-Murata-datasheet-68589269.pdf"
"J1,J3,J4,J5,J6","","5",""
"L1","","1",""
"R1,R2,R3,R4,R5","CRCW04024K70FKEDC","5","https://www.vishay.com/docs/28773/crcwce3.pdf"
"U1","NRF52832-QFAA-R","1","https://infocenter.nordicsemi.com/pdf/nRF52832_PS_v1.4.pdf"
"U2","ECS-320-CDX-2374","1","https://cdn2.flux.ai/copilot-datasheets/pdf-upload-f902100346baa6003cbe21292090ae357933e39c627966ff13e5b5bc2ad0030a/654d5e8ddd01f0a709f581f7429bc101c2d654f57a8bf4670f761bdffbd8a5c5.pdf?GoogleAccessId=graviton-mvp%40appspot.gserviceaccount.com&Expires=4880181932&Signature=yksY7nkigTR1oiqVHh21E8SuM%2Be7RgAcPoNoSJHzrEOrV%2BtgYkPlffKa1inm5GzLg10Wy%2Btz%2BxnrArm0DYtlyI%2FHjqME0SFgazVlPUxu3nVDtdDZ6Rxe176O3VUwhIRODxm3TZqacUNYOE%2F%2BegSl%2FaLzJwhk7fan%2Bw%2BkApVzfDQuVJI5RRUwgJ3yERiD%2FCvaYNtlGP9M6xTvPtDn9h7x5SKzh7o2QRS9yXqx%2FtRH2GREdcsbJNGI0RZ1ucvgad83F1PUyOPrnLAFLHlTIYViufpMFQh0oKwFNJack4gi4j7zZFUsv5RxPPfJzJCwNGfm9IRxRBNIEsLI7XtvX7znYA%3D%3D"
"U3","MAX30102EFD+T","1","https://datasheets.maximintegrated.com/en/ds/MAX30102.pdf"
"U4","ADXL345BCCZ-RL","1","https://www.analog.com/media/en/technical-documentation/data-sheets/ADXL345.pdf"
"U5","MIC5319-3.3YML-TR","1","https://assets.lcsc.com/datasheet/szlcsc/Download-ISO9001-Certification.pdf"
"U6","LP2985-18DBVR","1","https://www.ti.com/lit/ds/symlink/lp2985.pdf"
