﻿Reference designators,Quantity,MPN,Manufacturer,Part description,Value,SPN,Supplier,Package
"AE1","1","2450AT42A0100001E","Johanson Technology Inc.","Antenna","","","",""
"C1,C4,C5,C6,C7","5","0603B104K500NT","FH (Guangdong Fenghua Advanced Tech)","Non-Polarized Capacitor, 100nF, SMD_0603_1608Metric","100nF","","",""
"C8","1","","","Non-Polarized Capacitor, F, SMD_0603_1608Metric","F","","",""
"C10,C2","2","GJM1555C1H120FB01D","Murata Electronics","Non-Polarized Capacitor, 12pF, SMD_0402_1005Metric","12pF","","",""
"C11,C3","2","CC0603KRX7R9BB104"," YAGEO","Non-Polarized Capacitor, 0.1uF","0.1uF","","",""
"C12","1","VJ0603Y103KXJAC31X","Vishay / Vitramon","Non-Polarized Capacitor, 10nF, SMD_0603_1608Metric","10nF","","",""
"C13,C14,C9","3","GRM155R61A475MEAAD","Murata","Non-Polarized Capacitor, 4.7µF, C_0402_1005Metric","4.7µF","","","C_0402_1005Metric"
"J1,J3,J4,J5,J6","5","","","Connector","","","",""
"L1","1","","","Inductor, H, SMD_0603_1608Metric","H","","",""
"R1,R2,R3,R4,R5","5","CRCW04024K70FKEDC","Vishay","Resistor, 4.7kΩ, SMD_0402_1005Metric","4.7kΩ","","",""
"U1","1","NRF52832-QFAA-R","Nordic Semiconductor ASA","Microcontroller","","","",""
"U2","1","ECS-320-CDX-2374","ECS Inc. International","Crystal","","","",""
"U3","1","MAX30102EFD+T","Maxim Integrated","Integrated Circuit","","","",""
"U4","1","ADXL345BCCZ-RL","Analog Devices Inc.","Sensor","","","",""
"U5","1","MIC5319-3.3YML-TR","MICROCHIP(美国微芯)","Linear Voltage Regulators (LDO), DFN-6_L2.0-W2.0-P0.50-BL-EP","","","","DFN-6_L2.0-W2.0-P0.50-BL-EP"
"U6","1","LP2985-18DBVR","Texas Instruments","Integrated Circuit","","","",""
